"folder","name","tags"
"animals","'Geo', acrylic on loose canvas, 44x49 cm. Sold","animals sold"
"animals","'Mabel', acrylic on board, 40x45 cm. Sold","animals sold"
"animals","'Millie', acrylic on board, 30x45 cm. Sold","animals sold"
"animals","'Sheena', acrylic on board, 35x45 cm. Sold","animals sold"
"animals","'Teddy', acrylic on board, 35x45 cm. Sold","animals sold"
"animals","'Wee Harris', acrylic on canvas, 40x50 cm. Sold","animals sold"
"animals","Bull Elephant, acrylic on canvas, 50x60 cm, 175","animals forsale"
"landscapes","A Summer Hedgerow, acrylic on canvas, 30x30 cm, 250","landscapes forsale"
"landscapes","A Summer Hillside, acrylic on canvas, 30x30 cm, 250","landscapes forsale"
"landscapes","Autumn Dance, acrylic on canvas, framed, 60x50 cm, 520","landscapes forsale"
"landscapes","Autumn Fields, acrylic on canvas, 50x50 cm, 425","landscapes forsale"
"landscapes","Burnt Sienna Landscape, acrylic on canvas board, 40x40 cm, 200","landscapes forsale"
"landscapes","Changing Sky, acrylic on canvas, 30x30 cm, 250","landscapes forsale"
"landscapes","Cornfield, acrylic on canvas, 60x60 cm, 475","landscapes forsale"
"landscapes","Distant Steeple, acrylic on canvas, gloss varnish finish, 40x40 cm, Sold","landscapes sold"
"landscapes","Field Shadows, acrylic on canvas, 40x40 cm, 300","landscapes forsale"
"landscapes","From Across a Pond, acrylic on canvas, 60x60 cm, 475","landscapes forsale"
"landscapes","Land and Sky, acrylic on canvas, 50x50 cm, NFS","landscapes sold"
"landscapes","Landscape with pink sky, mixed media on canvas, 40x60 cm, 370","landscapes forsale"
"landscapes","Looking Afar, mixed media on canvas, framed, 45x60 cm, not for sale","landscapes sold"
"landscapes","Misty Landscape, mixed media on canvas, 60x60 cm, not for sale","landscapes sold"
"landscapes","Quiet Mood, acrylic on canvas, 30x20 cm, 150","landscapes forsale"
"landscapes","Rain Showered Cliff, mixed media on canvas, 60x80 cm, 500","landscapes forsale"
"landscapes","Reflections in a Stream, acrylic on canvas, 100x100 cm, 750","landscapes forsale"
"landscapes","Rich Red Fields, acrylic on canvas, 40x40 cm, 350","landscapes forsale"
"landscapes","Soft Landscape, mixed media on canvas, 60x60 cm, 450","landscapes forsale"
"landscapes","Summer Light, acrylic on canvas, 30x30 cm, 250","landscapes forsale"
"landscapes","Summer Rain, acrylic on canvas, 50x50 cm, 450","landscapes forsale"
"people","A Greek Man, acrylic on paper, 60x50 cm, 168","people forsale"
"people","A School Day, acrylic on canvas, 50x50 cm, 180","people forsale"
"people","A Thoughtful Boy, acrylic on canvas, framed, 45x56 cm, 230","people forsale"
"people","A Woman Thinking, acrylic on canvas, 45x55 cm, 150","people forsale"
"people","Abstract Me,acryic on paper, 40x60 cm, not for sale","people sold"
"people","An Interested Woman, acrylic on canvas, 45x55 cm, 150","people forsale"
"people","Itee in the Okavango, acrylic on paper, 40x60 cm, not for sale","people sold"
"people","Lady with a Bow, acrylic on canvas, 40x50 cm, 140","people forsale"
"people","Mat in the Okavango, acrylic on paper, 40x60 cm, not for sale","people sold"
"people","Nick, acrylic on canvas, 30x30 cm, not for sale","people sold"
"people","Ossy in the Okavango acylic on paper, 40x60 cm, not for sale","people sold"
"people","Quiet Laughter, acrylic on canvas, 40x50 cm, 190","people forsale"
"people","Self Portrait 1, acrylic on paper, 50x70 cm, 140","people forsale"
"people","Self Portrait 2, acrylic on paper, 50x70 cm, not for sale","people sold"
"people","Self Portrait 3, acrylic on paper, 50x70 cm, not for sale","people sold"
"people","Self Portrait profile, acrylic on paper, 70x50 cm, 168","people forsale"
"people","The Tribesman, acrylic on paper, 40x60 cm, not for sale","people sold"
"miscellaneous","A Blue Wave, acrylic on canvas, 30x30 cm, 250","miscellaneous forsale"
"miscellaneous","A Red Flight, acrylic on canvas,  60x60 cm, 475","miscellaneous forsale"
"miscellaneous","A Swept Evening, acrylic on canvas, 80x80 cm, 600","miscellaneous forsale"
"miscellaneous","Abstract Colours 2, acrylic on canvas, 50x50 cm, 160","miscellaneous forsale"
"miscellaneous","Abstract Flowers, acrylic on deep edge (3cm) canvas, 36x25 cm, 115","miscellaneous forsale"
"miscellaneous","Abstract Neutral, mixed media on canvas, 40x50 cm, 255","miscellaneous forsale"
"miscellaneous","Autumn Mood, acrylic on canvas, 20x20 cm, 125","miscellaneous forsale"
"miscellaneous","Cave Art, acrylic on canvas, 30x30 cm, 250","miscellaneous forsale"
"miscellaneous","Colour Dive (rotation 1), acrylic on canvas, 60x60 cm, 475","miscellaneous forsale"
"miscellaneous","Colour Dive (rotation 2), acrylic on canvas, 60x60 cm, 475","miscellaneous forsale"
"miscellaneous","Colour Sweep, acrylic on canvas, 46x56 cm, 285","miscellaneous forsale"
"miscellaneous","Colours in Compliment, acrylic on canvas, 40x40 cm, not for sale","miscellaneous sold"
"miscellaneous","Monarda in Flower, acrylic on deep canvas, 15x15 cm, 80","miscellaneous forsale"
"miscellaneous","Purple Tulips, acrylic on canvas, 30x23 cm, 150","miscellaneous forsale"
"miscellaneous","Quiet Mood, acrylic on canvas, 30x20 cm, 150","miscellaneous forsale"
"miscellaneous","Reflections in a Stream, acrylic on canvas, 100x100 cm, 750","miscellaneous forsale"
"miscellaneous","Small Abstract, acrylic on canvas, 30x25 cm, 85","miscellaneous forsale"
"miscellaneous","Small Autumnal Abstract, acrylic on canvas, 20x25 cm, 80","miscellaneous forsale"
"miscellaneous","Small Tulips, acrylic on canvas, 20x20 cm, 75","miscellaneous forsale"
"miscellaneous","Sunflowers, acrylic on canvas, 80x60 cm, 450","miscellaneous forsale"
"miscellaneous","The Colour of Shadows, acrylic on canvas, 30x30 cm, 250","miscellaneous forsale"
"miscellaneous","The Feel of Autumn, Acrylic on Canvas, 100x100 cm, 750","miscellaneous forsale"
"miscellaneous","The Wish, acrylic on canvas, 30x30 cm, Sold","miscellaneous sold"
"miscellaneous","Thoughts of Sky, acrylic on canvas, 20x20 cm, 125","miscellaneous forsale"
"miscellaneous","Tree Bark, oil on canvas, ramed, 46x56 cm, 450","miscellaneous forsale"
"miscellaneous","Tree Tops, acrylic on canvas, framed, 23x23 cm, 190","miscellaneous forsale"
